WW,1.0
CW,24.68
MW,1.0
HW,—1.88
YW,—9.37
FW,1.0
QW,1.0
NW,—9.37
IW,1.0
RW,58.28
DW,1.0
PW,—1.88
TW,—14.03
KW,1.0
EW,—14.03
VW,1.0
SW,1.0
GW,13.34
AW,1.0
LW,24.68
WC,1.0
CC,1.0
MC,1.0
HC,1.0
YC,1.0
FC,1.0
QC,—6.54
NC,—1.88
IC,1.0
RC,1.0
DC,1.0
PC,—6.54
TC,1.0
KC,1.0
EC,44.94
VC,1.0
SC,33.6
GC,1.0
AC,44.94
LC,1.0
WM,24.68
CM,33.6
MM,—1.88
HM,1.0
YM,44.94
FM,1.0
QM,1.0
NM,1.0
IM,1.0
RM,1.0
DM,1.0
PM,—6.54
TM,1.0
KM,33.6
EM,1.0
VM,1.0
SM,1.0
GM,1.0
AM,1.0
LM,1.0
WH,24.68
CH,33.6
MH,58.28
HH,1.0
YH,13.34
FH,1.0
QH,1.0
NH,1.0
IH,13.34
RH,20.26
DH,1.0
PH,1.0
TH,1.0
KH,1.0
EH,—6.54
VH,1.0
SH,1.0
GH,1.0
AH,—7.49
LH,1.0
WY,1.0
CY,1.0
MY,24.68
HY,44.94
YY,13.34
FY,33.6
QY,—6.54
NY,1.0
IY,1.0
RY,—6.54
DY,1.0
PY,1.0
TY,1.0
KY,1.0
EY,1.0
VY,—6.54
SY,1.0
GY,—7.49
AY,1.0
LY,1.0
WF,1.0
CF,1.0
MF,1.0
HF,—9.37
YF,1.0
FF,1.0
QF,—6.54
NF,—14.03
IF,1.0
RF,1.0
DF,—6.54
PF,20.26
TF,13.34
KF,1.0
EF,1.0
VF,1.0
SF,1.0
GF,1.0
AF,1.0
LF,1.0
WQ,1.0
CQ,—6.54
MQ,—6.54
HQ,1.0
YQ,1.0
FQ,1.0
QQ,20.26
NQ,—6.54
IQ,1.0
RQ,20.26
DQ,1.0
PQ,20.26
TQ,—6.54
KQ,24.68
EQ,20.26
VQ,1.0
SQ,20.26
GQ,1.0
AQ,1.0
LQ,33.6
WN,13.34
CN,1.0
MN,1.0
HN,24.68
YN,1.0
FN,1.0
QN,1.0
NN,1.0
IN,1.0
RN,13.34
DN,1.0
PN,1.0
TN,—14.03
KN,1.0
EN,1.0
VN,1.0
SN,1.0
GN,—7.49
AN,1.0
LN,1.0
WI,1.0
CI,1.0
MI,1.0
HI,44.94
YI,1.0
FI,1.0
QI,1.0
NI,44.94
II,1.0
RI,1.0
DI,1.0
PI,1.0
TI,1.0
KI,—7.49
EI,20.26
VI,1.0
SI,1.0
GI,—7.49
AI,1.0
LI,1.0
WR,1.0
CR,1.0
MR,—6.54
HR,1.0
YR,—15.91
FR,1.0
QR,1.0
NR,1.0
IR,1.0
RR,58.28
DR,—6.54
PR,—6.54
TR,1.0
KR,33.6
ER,1.0
VR,1.0
SR,20.26
GR,1.0
AR,1.0
LR,20.26
WD,1.0
CD,20.26
MD,1.0
HD,1.0
YD,24.68
FD,13.34
QD,20.26
ND,1.0
ID,1.0
RD,1.0
DD,1.0
PD,—6.54
TD,1.0
KD,1.0
ED,20.26
VD,—14.03
SD,1.0
GD,1.0
AD,—7.49
LD,1.0
WP,1.0
CP,20.26
MP,44.94
HP,—1.88
YP,13.34
FP,20.26
QP,20.26
NP,—1.88
IP,—1.88
RP,20.26
DP,1.0
PP,20.26
TP,1.0
KP,—6.54
EP,20.26
VP,20.26
SP,44.94
GP,1.0
AP,20.26
LP,20.26
WT,—14.03
CT,33.6
MT,—1.88
HT,—6.54
YT,—7.49
FT,1.0
QT,1.0
NT,—7.49
IT,1.0
RT,1.0
DT,—14.03
PT,1.0
TT,1.0
KT,1.0
ET,1.0
VT,—7.49
ST,1.0
GT,—7.49
AT,1.0
LT,1.0
WK,1.0
CK,1.0
MK,1.0
HK,24.68
YK,1.0
FK,—14.03
QK,1.0
NK,24.68
IK,—7.49
RK,1.0
DK,-7.49
PK,1.0
TK,1.0
KK,1.0
EK,1.0
VK,—1.88
SK,1.0
GK,—7.49
AK,1.0
LK,—7.49
WE,1.0
CE,1.0
ME,1.0
HE,1.0
YE,6.54
FE,1.0
QE,20.26
NE,1.0
IE,44.94
RE,1.0
DE,1.0
PE,18.38
TE,20.26
KE,1.0
EE,33.6
VE,1.0
SE,20.26
GE,—6.54
AE,1.0
LE,1.0
WV,—7.49
CV,—6.54
MV,1.0
HV,1.0
YV,1.0
FV,1.0
QV,—6.54
NV,1.0
IV,—7.49
RV,1.0
DV,1.0
PV,20.26
TV,1.0
KV,—7.49
EV,1.0
VV,1.0
SV,1.0
GV,1.0
AV,1.0
LV,1.0
WS,1
CS,1
MS,44.94
HS,1
YS,1
FS,1
QS,44.94
NS,1
IS,1
RS,44.94
DS,20.26
PS,20.26
TS,1
KS,1
ES,20.26
VS,1
SS,20.26
GS,1
AS,1
LS,1
WG,—9.37
CG,1.0
MG,1.0
HG,—9.37
YG,—7.49
FG,1.0
QG,1.0
NG,—14.03
IG,1.0
RG,—7.49
DG,1.0
PG,1.0
TG,7.49
KG,—7.49
EG,1.0
VG,—7.49
SG,1.0
GG,13.34
AG,1.0
LG,1.0
WA,—14.03
CA,1.0
MA,13.34
HA,1.0
YA,24.68
FA,1.0
QA,1.0
NA,1.0
IA,1.0
RA,1.0
DA,1.0
PA,20.26
TA,1.0
KA,1.0
EA,1.0
VA,1.0
SA,1.0
GA,—7.49
AA,1.0
LA,1.0
WL,13.34
CL,20.26
ML,1.0
HL,1.0
YL,1.0
FL,1.0
QL,1.0
NL,1.0
IL,20.26
RL,1.0
DL,1.0
PL,1.0
TL,1.0
KL,—7.49
EL,1.0
VL,1.0
SL,1.0
GL,1.0
AL,1.0
LL,1.0
